{
  "power_limit1": 65,
  "power_limit2": 65,
  "voltage_offset": 0,
  "max_temperature": 0.05000000000001137,
  "measured_perf_score": 12633504.627552295
}